{"coverage": 88.88888888888889, "raw_data": {"meta": {"format": 2, "version": "7.5.0", "timestamp": "2024-04-27T05:15:35.109601", "branch_coverage": false, "show_contexts": false}, "files": {"src/bitwarden_import_msecure/__about__.py": {"executed_lines": [1], "summary": {"covered_lines": 1, "num_statements": 1, "percent_covered": 100.0, "percent_covered_display": "100", "missing_lines": 0, "excluded_lines": 0}, "missing_lines": [], "excluded_lines": []}, "src/bitwarden_import_msecure/bitwarden_csv.py": {"executed_lines": [1, 3, 4, 5, 8, 9, 11, 12, 13, 14, 27, 29, 31, 44, 46, 48], "summary": {"covered_lines": 14, "num_statements": 14, "percent_covered": 100.0, "percent_covered_display": "100", "missing_lines": 0, "excluded_lines": 0}, "missing_lines": [], "excluded_lines": []}, "src/bitwarden_import_msecure/bitwarden_json.py": {"executed_lines": [1, 3, 4, 5, 6, 7, 9, 12, 17, 18, 20, 21, 23, 24, 25, 26, 28, 29, 34, 36, 37, 39, 40, 42, 43, 44, 45, 47, 49, 51, 53, 68, 69, 81, 83, 84, 87, 90, 98, 100, 109, 111, 113, 114], "summary": {"covered_lines": 41, "num_statements": 45, "percent_covered": 91.11111111111111, "percent_covered_display": "91", "missing_lines": 4, "excluded_lines": 0}, "missing_lines": [14, 41, 82, 99], "excluded_lines": []}, "src/bitwarden_import_msecure/main.py": {"executed_lines": [1, 3, 5, 6, 8, 9, 11, 14, 15, 18, 20, 21, 22, 23, 24, 27, 28, 29, 30, 31, 32, 38, 39, 48, 55, 72, 76, 78, 79, 82, 83, 85, 91, 92, 93, 94, 95, 99, 101, 102, 104, 110, 113], "summary": {"covered_lines": 41, "num_statements": 45, "percent_covered": 91.11111111111111, "percent_covered_display": "91", "missing_lines": 4, "excluded_lines": 2}, "missing_lines": [73, 74, 77, 80], "excluded_lines": [113, 114]}, "src/bitwarden_import_msecure/msecure.py": {"executed_lines": [1, 3, 4, 7, 10, 12, 13, 15, 16, 18, 19, 20, 21, 22, 23, 24, 27, 28, 29, 31, 33, 34, 35, 37, 50, 57, 65, 66, 67, 68, 69, 71, 72, 73, 74, 75, 76, 78, 79, 82, 84, 85, 86, 88, 90], "summary": {"covered_lines": 44, "num_statements": 52, "percent_covered": 84.61538461538461, "percent_covered_display": "85", "missing_lines": 8, "excluded_lines": 0}, "missing_lines": [14, 17, 25, 30, 32, 70, 87, 89], "excluded_lines": []}, "src/bitwarden_import_msecure/msecure_to_bitwarden.py": {"executed_lines": [1, 3, 4, 5, 6, 8, 9, 10, 11, 13, 15, 16, 17, 20, 40, 44, 45, 46, 47, 49, 50, 51, 52, 53, 54, 55, 56, 57, 58, 65, 67, 68, 69, 72, 73, 74, 76, 77, 78, 88, 90, 101, 102, 103, 104, 105, 106, 107, 109, 112, 116, 117, 119, 120, 121, 122, 123, 124, 125, 126], "summary": {"covered_lines": 59, "num_statements": 68, "percent_covered": 86.76470588235294, "percent_covered_display": "87", "missing_lines": 9, "excluded_lines": 0}, "missing_lines": [41, 42, 59, 80, 81, 82, 83, 84, 85], "excluded_lines": []}}, "totals": {"covered_lines": 200, "num_statements": 225, "percent_covered": 88.88888888888889, "percent_covered_display": "89", "missing_lines": 25, "excluded_lines": 2}}, "coverage_path": "."}